scene,key,display_text,audio_path,audio_file_exists
"p24-checkpoint-one","common.games.letterStorybook.checkpoints.one.cueNoImage","כאן מתרגלים בלי תמונה. רק מקשיבים ובוחרים.","/audio/he/games/letter-storybook/checkpoints/one/cue-no-image.mp3","yes"
"p24-checkpoint-one","common.games.letterStorybook.checkpoints.one.hint1","רמז ראשון: נשמע שוב את שם האות.","/audio/he/games/letter-storybook/checkpoints/one/hint1.mp3","yes"
"p24-checkpoint-one","common.games.letterStorybook.checkpoints.one.hint2","רמז שני: נבדוק את הצורה של האות.","/audio/he/games/letter-storybook/checkpoints/one/hint2.mp3","yes"
"p24-checkpoint-one","common.games.letterStorybook.checkpoints.one.hint3","רמז שלישי: נשמע מילת עוגן שמתחילה באות.","/audio/he/games/letter-storybook/checkpoints/one/hint3.mp3","yes"
"p24-checkpoint-one","common.games.letterStorybook.checkpoints.one.intro","עמוד בדיקה ראשון הגיע.","/audio/he/games/letter-storybook/checkpoints/one/intro.mp3","yes"
"p24-checkpoint-one","common.games.letterStorybook.checkpoints.one.prompt","איזו אות שמעתם? בחרו את האות הנכונה.","/audio/he/games/letter-storybook/checkpoints/one/prompt.mp3","yes"
"p24-checkpoint-one","common.games.letterStorybook.checkpoints.one.retry","כמעט! נקשיב שוב וננסה יחד.","/audio/he/games/letter-storybook/checkpoints/one/retry.mp3","yes"
"p24-checkpoint-one","common.games.letterStorybook.checkpoints.one.success","מעולה! עברתם את הבדיקה הראשונה.","/audio/he/games/letter-storybook/checkpoints/one/success.mp3","yes"
"p26-checkpoint-three","common.games.letterStorybook.checkpoints.three.cueNoImage","בבדיקה הזאת מתרגלים מעבר לקריאה קצרה.","/audio/he/games/letter-storybook/checkpoints/three/cue-no-image.mp3","yes"
"p26-checkpoint-three","common.games.letterStorybook.checkpoints.three.hint1","רמז ראשון: קוראים את המילה לאט.","/audio/he/games/letter-storybook/checkpoints/three/hint1.mp3","yes"
"p26-checkpoint-three","common.games.letterStorybook.checkpoints.three.hint2","רמז שני: מחפשים את האות בתחילת המילה.","/audio/he/games/letter-storybook/checkpoints/three/hint2.mp3","yes"
"p26-checkpoint-three","common.games.letterStorybook.checkpoints.three.hint3","רמז שלישי: דובי מקריא ומדגיש את הצליל הראשון.","/audio/he/games/letter-storybook/checkpoints/three/hint3.mp3","yes"
"p26-checkpoint-three","common.games.letterStorybook.checkpoints.three.intro","עמוד בדיקה שלישי הגיע.","/audio/he/games/letter-storybook/checkpoints/three/intro.mp3","yes"
"p26-checkpoint-three","common.games.letterStorybook.checkpoints.three.prompt","נקרא מילה קצרה ונזהה את האות המתאימה.","/audio/he/games/letter-storybook/checkpoints/three/prompt.mp3","yes"
"p26-checkpoint-three","common.games.letterStorybook.checkpoints.three.retry","כמעט, עוד ניסיון אחד יחד ונצליח.","/audio/he/games/letter-storybook/checkpoints/three/retry.mp3","yes"
"p26-checkpoint-three","common.games.letterStorybook.checkpoints.three.success","כל הכבוד! סיימתם את כל עמודי הבדיקה.","/audio/he/games/letter-storybook/checkpoints/three/success.mp3","yes"
"p25-checkpoint-two","common.games.letterStorybook.checkpoints.two.cueNoImage","עכשיו מתרגלים עם אות דומה שמבלבלת.","/audio/he/games/letter-storybook/checkpoints/two/cue-no-image.mp3","yes"
"p25-checkpoint-two","common.games.letterStorybook.checkpoints.two.hint1","רמז ראשון: מקשיבים לצליל הראשון בלבד.","/audio/he/games/letter-storybook/checkpoints/two/hint1.mp3","yes"
"p25-checkpoint-two","common.games.letterStorybook.checkpoints.two.hint2","רמז שני: מסתכלים על הקו שמבדיל בין האותיות.","/audio/he/games/letter-storybook/checkpoints/two/hint2.mp3","yes"
"p25-checkpoint-two","common.games.letterStorybook.checkpoints.two.hint3","רמז שלישי: דובי מדגים בחירה אחת ואז אתם בוחרים.","/audio/he/games/letter-storybook/checkpoints/two/hint3.mp3","yes"
"p25-checkpoint-two","common.games.letterStorybook.checkpoints.two.intro","עמוד בדיקה שני הגיע.","/audio/he/games/letter-storybook/checkpoints/two/intro.mp3","yes"
"p25-checkpoint-two","common.games.letterStorybook.checkpoints.two.prompt","מקשיבים לצליל ובוחרים את האות המתאימה.","/audio/he/games/letter-storybook/checkpoints/two/prompt.mp3","yes"
"p25-checkpoint-two","common.games.letterStorybook.checkpoints.two.retry","לא נורא, ננסה שוב יחד ובקצב רגוע.","/audio/he/games/letter-storybook/checkpoints/two/retry.mp3","yes"
"p25-checkpoint-two","common.games.letterStorybook.checkpoints.two.success","איזה יופי! עברתם את הבדיקה השנייה.","/audio/he/games/letter-storybook/checkpoints/two/success.mp3","yes"
"p28-celebration","common.games.letterStorybook.completion.nextStep","בפעם הבאה נתרגל זוגות אותיות דומות ונקרא מילים קצרות.","/audio/he/games/letter-storybook/completion/next-step.mp3","yes"
"p28-celebration","common.games.letterStorybook.completion.summary","הכרתם את כל האותיות ואספתם תגים נוצצים.","/audio/he/games/letter-storybook/completion/summary.mp3","yes"
"p28-celebration","common.games.letterStorybook.completion.title","סיימתם את הסיפור של האותיות!","/audio/he/games/letter-storybook/completion/title.mp3","yes"
"global","common.games.letterStorybook.controls.hint","רמז","/audio/he/games/letter-storybook/controls/hint.mp3","yes"
"global","common.games.letterStorybook.controls.iconCueHint","לחצו על אייקון רמז לקבלת עזרה.","/audio/he/games/letter-storybook/controls/icon-cue-hint.mp3","yes"
"global","common.games.letterStorybook.controls.iconCueNext","לחצו על אייקון הבא כדי להמשיך לעמוד הבא.","/audio/he/games/letter-storybook/controls/icon-cue-next.mp3","yes"
"global","common.games.letterStorybook.controls.iconCueReplay","לחצו על אייקון השמעה כדי לשמוע שוב.","/audio/he/games/letter-storybook/controls/icon-cue-replay.mp3","yes"
"global","common.games.letterStorybook.controls.iconCueRetry","לחצו על אייקון נסו שוב כדי לנסות שוב.","/audio/he/games/letter-storybook/controls/icon-cue-retry.mp3","yes"
"global","common.games.letterStorybook.controls.next","הבא","/audio/he/games/letter-storybook/controls/next.mp3","yes"
"global","common.games.letterStorybook.controls.replay","השמעה חוזרת","/audio/he/games/letter-storybook/controls/replay.mp3","yes"
"global","common.games.letterStorybook.controls.retry","נסו שוב","/audio/he/games/letter-storybook/controls/retry.mp3","yes"
"p00-cover","common.games.letterStorybook.cover.goal","בואו נאסוף יחד את כל תגי האותיות.","/audio/he/games/letter-storybook/cover/goal.mp3","yes"
"p00-cover","common.games.letterStorybook.cover.startPrompt","מוכנים להתחיל במסע עם דובי?","/audio/he/games/letter-storybook/cover/start-prompt.mp3","yes"
"p00-cover","common.games.letterStorybook.cover.welcome","ברוכים הבאים לסיפור של האותיות.","/audio/he/games/letter-storybook/cover/welcome.mp3","yes"
"global","common.games.letterStorybook.feedback.encouragement.v1","כמעט, ננסה שוב ביחד.","/audio/he/games/letter-storybook/feedback/encouragement/v1.mp3","yes"
"global","common.games.letterStorybook.feedback.encouragement.v2","אתם בדרך הנכונה.","/audio/he/games/letter-storybook/feedback/encouragement/v2.mp3","yes"
"global","common.games.letterStorybook.feedback.encouragement.v3","נשימה עמוקה ומנסים שוב.","/audio/he/games/letter-storybook/feedback/encouragement/v3.mp3","yes"
"global","common.games.letterStorybook.feedback.success.v1","יופי! כל הכבוד!","/audio/he/games/letter-storybook/feedback/success/v1.mp3","yes"
"global","common.games.letterStorybook.feedback.success.v2","מעולה! הצלחתם!","/audio/he/games/letter-storybook/feedback/success/v2.mp3","yes"
"global","common.games.letterStorybook.feedback.success.v3","נהדר! ממשיכים יחד.","/audio/he/games/letter-storybook/feedback/success/v3.mp3","yes"
"p27-final-forms","common.games.letterStorybook.finalForms.hint1","רמז ראשון: מקשיבים רק לצליל האחרון במילה.","/audio/he/games/letter-storybook/final-forms/hint1.mp3","yes"
"p27-final-forms","common.games.letterStorybook.finalForms.hint2","רמז שני: מסתכלים רק על סוף המילה.","/audio/he/games/letter-storybook/final-forms/hint2.mp3","yes"
"p27-final-forms","common.games.letterStorybook.finalForms.hint3","רמז שלישי: דובי מדגים ואז אתם מנסים.","/audio/he/games/letter-storybook/final-forms/hint3.mp3","yes"
"p27-final-forms","common.games.letterStorybook.finalForms.intro","עכשיו גשר האותיות הסופיות.","/audio/he/games/letter-storybook/final-forms/intro.mp3","yes"
"p27-final-forms","common.games.letterStorybook.finalForms.kafSofit.baseSymbol","כ","/audio/he/games/letter-storybook/final-forms/kaf-sofit/base-symbol.mp3","yes"
"p27-final-forms","common.games.letterStorybook.finalForms.kafSofit.exampleWord","מלך","/audio/he/games/letter-storybook/final-forms/kaf-sofit/example-word.mp3","yes"
"p27-final-forms","common.games.letterStorybook.finalForms.kafSofit.intro","זאת ך סופית. היא שייכת לאות כ.","/audio/he/games/letter-storybook/final-forms/kaf-sofit/intro.mp3","yes"
"p27-final-forms","common.games.letterStorybook.finalForms.kafSofit.prompt","איזו אות מופיעה בסוף המילה מלך?","/audio/he/games/letter-storybook/final-forms/kaf-sofit/prompt.mp3","yes"
"p27-final-forms","common.games.letterStorybook.finalForms.kafSofit.retry","ננסה שוב. מחפשים את האות בסוף מלך.","/audio/he/games/letter-storybook/final-forms/kaf-sofit/retry.mp3","yes"
"p27-final-forms","common.games.letterStorybook.finalForms.kafSofit.success","יופי! מצאתם את ך סופית.","/audio/he/games/letter-storybook/final-forms/kaf-sofit/success.mp3","yes"
"p27-final-forms","common.games.letterStorybook.finalForms.kafSofit.symbol","ך","/audio/he/games/letter-storybook/final-forms/kaf-sofit/symbol.mp3","yes"
"p27-final-forms","common.games.letterStorybook.finalForms.memSofit.baseSymbol","מ","/audio/he/games/letter-storybook/final-forms/mem-sofit/base-symbol.mp3","yes"
"p27-final-forms","common.games.letterStorybook.finalForms.memSofit.exampleWord","שלום","/audio/he/games/letter-storybook/final-forms/mem-sofit/example-word.mp3","yes"
"p27-final-forms","common.games.letterStorybook.finalForms.memSofit.intro","זאת ם סופית. היא שייכת לאות מ.","/audio/he/games/letter-storybook/final-forms/mem-sofit/intro.mp3","yes"
"p27-final-forms","common.games.letterStorybook.finalForms.memSofit.prompt","איזו אות מופיעה בסוף המילה שלום?","/audio/he/games/letter-storybook/final-forms/mem-sofit/prompt.mp3","yes"
"p27-final-forms","common.games.letterStorybook.finalForms.memSofit.retry","ננסה שוב. מחפשים את האות בסוף שלום.","/audio/he/games/letter-storybook/final-forms/mem-sofit/retry.mp3","yes"
"p27-final-forms","common.games.letterStorybook.finalForms.memSofit.success","מעולה! זיהיתם ם סופית.","/audio/he/games/letter-storybook/final-forms/mem-sofit/success.mp3","yes"
"p27-final-forms","common.games.letterStorybook.finalForms.memSofit.symbol","ם","/audio/he/games/letter-storybook/final-forms/mem-sofit/symbol.mp3","yes"
"p27-final-forms","common.games.letterStorybook.finalForms.nunSofit.baseSymbol","נ","/audio/he/games/letter-storybook/final-forms/nun-sofit/base-symbol.mp3","yes"
"p27-final-forms","common.games.letterStorybook.finalForms.nunSofit.exampleWord","גן","/audio/he/games/letter-storybook/final-forms/nun-sofit/example-word.mp3","yes"
"p27-final-forms","common.games.letterStorybook.finalForms.nunSofit.intro","זאת ן סופית. היא שייכת לאות נ.","/audio/he/games/letter-storybook/final-forms/nun-sofit/intro.mp3","yes"
"p27-final-forms","common.games.letterStorybook.finalForms.nunSofit.prompt","איזו אות מופיעה בסוף המילה גן?","/audio/he/games/letter-storybook/final-forms/nun-sofit/prompt.mp3","yes"
"p27-final-forms","common.games.letterStorybook.finalForms.nunSofit.retry","ננסה שוב. מחפשים את האות בסוף גן.","/audio/he/games/letter-storybook/final-forms/nun-sofit/retry.mp3","yes"
"p27-final-forms","common.games.letterStorybook.finalForms.nunSofit.success","מצוין! זיהיתם ן סופית.","/audio/he/games/letter-storybook/final-forms/nun-sofit/success.mp3","yes"
"p27-final-forms","common.games.letterStorybook.finalForms.nunSofit.symbol","ן","/audio/he/games/letter-storybook/final-forms/nun-sofit/symbol.mp3","yes"
"p27-final-forms","common.games.letterStorybook.finalForms.peSofit.baseSymbol","פ","/audio/he/games/letter-storybook/final-forms/pe-sofit/base-symbol.mp3","yes"
"p27-final-forms","common.games.letterStorybook.finalForms.peSofit.exampleWord","אף","/audio/he/games/letter-storybook/final-forms/pe-sofit/example-word.mp3","yes"
"p27-final-forms","common.games.letterStorybook.finalForms.peSofit.intro","זאת ף סופית. היא שייכת לאות פ.","/audio/he/games/letter-storybook/final-forms/pe-sofit/intro.mp3","yes"
"p27-final-forms","common.games.letterStorybook.finalForms.peSofit.prompt","איזו אות מופיעה בסוף המילה אף?","/audio/he/games/letter-storybook/final-forms/pe-sofit/prompt.mp3","yes"
"p27-final-forms","common.games.letterStorybook.finalForms.peSofit.retry","ננסה שוב. מחפשים את האות בסוף אף.","/audio/he/games/letter-storybook/final-forms/pe-sofit/retry.mp3","yes"
"p27-final-forms","common.games.letterStorybook.finalForms.peSofit.success","יופי! זיהיתם ף סופית.","/audio/he/games/letter-storybook/final-forms/pe-sofit/success.mp3","yes"
"p27-final-forms","common.games.letterStorybook.finalForms.peSofit.symbol","ף","/audio/he/games/letter-storybook/final-forms/pe-sofit/symbol.mp3","yes"
"p27-final-forms","common.games.letterStorybook.finalForms.retry","ננסה שוב יחד ונקשיב לסוף המילה.","/audio/he/games/letter-storybook/final-forms/retry.mp3","yes"
"p27-final-forms","common.games.letterStorybook.finalForms.rule","אות סופית מופיעה רק בסוף מילה.","/audio/he/games/letter-storybook/final-forms/rule.mp3","yes"
"p27-final-forms","common.games.letterStorybook.finalForms.sideBySidePrompt","נשווה בין האות הרגילה לאות הסופית.","/audio/he/games/letter-storybook/final-forms/side-by-side-prompt.mp3","yes"
"p27-final-forms","common.games.letterStorybook.finalForms.success","כל הכבוד! זיהיתם אות סופית נכון.","/audio/he/games/letter-storybook/final-forms/success.mp3","yes"
"p27-final-forms","common.games.letterStorybook.finalForms.transferPrompt","איזו אות סופית שומעים בסוף המילה?","/audio/he/games/letter-storybook/final-forms/transfer-prompt.mp3","yes"
"p27-final-forms","common.games.letterStorybook.finalForms.tsadiSofit.baseSymbol","צ","/audio/he/games/letter-storybook/final-forms/tsadi-sofit/base-symbol.mp3","yes"
"p27-final-forms","common.games.letterStorybook.finalForms.tsadiSofit.exampleWord","עץ","/audio/he/games/letter-storybook/final-forms/tsadi-sofit/example-word.mp3","yes"
"p27-final-forms","common.games.letterStorybook.finalForms.tsadiSofit.intro","זאת ץ סופית. היא שייכת לאות צ.","/audio/he/games/letter-storybook/final-forms/tsadi-sofit/intro.mp3","yes"
"p27-final-forms","common.games.letterStorybook.finalForms.tsadiSofit.prompt","איזו אות מופיעה בסוף המילה עץ?","/audio/he/games/letter-storybook/final-forms/tsadi-sofit/prompt.mp3","yes"
"p27-final-forms","common.games.letterStorybook.finalForms.tsadiSofit.retry","ננסה שוב. מחפשים את האות בסוף עץ.","/audio/he/games/letter-storybook/final-forms/tsadi-sofit/retry.mp3","yes"
"p27-final-forms","common.games.letterStorybook.finalForms.tsadiSofit.success","כל הכבוד! זיהיתם ץ סופית.","/audio/he/games/letter-storybook/final-forms/tsadi-sofit/success.mp3","yes"
"p27-final-forms","common.games.letterStorybook.finalForms.tsadiSofit.symbol","ץ","/audio/he/games/letter-storybook/final-forms/tsadi-sofit/symbol.mp3","yes"
"global","common.games.letterStorybook.guards.rapidTapPause","עוצרים לרגע קטן ואז ממשיכים לאט.","/audio/he/games/letter-storybook/guards/rapid-tap-pause.mp3","yes"
"global","common.games.letterStorybook.guards.rapidTapReset","נשמע שוב את ההוראה ונבחר בשקט.","/audio/he/games/letter-storybook/guards/rapid-tap-reset.mp3","yes"
"p01-mission","common.games.letterStorybook.instructions.checkpointReady","בעמודי בדיקה נקשיב ונבחר את האות הנכונה.","/audio/he/games/letter-storybook/instructions/checkpoint-ready.mp3","yes"
"p01-mission","common.games.letterStorybook.instructions.finalFormsBridge","בסוף נפגוש גם אותיות סופיות.","/audio/he/games/letter-storybook/instructions/final-forms-bridge.mp3","yes"
"p01-mission","common.games.letterStorybook.instructions.intro","דובי יוצא למסע בשביל האותיות.","/audio/he/games/letter-storybook/instructions/intro.mp3","yes"
"p01-mission","common.games.letterStorybook.instructions.listenAndTapLetter","הקשיבו ולחצו על האות הגדולה.","/audio/he/games/letter-storybook/instructions/listen-and-tap-letter.mp3","yes"
"p01-mission","common.games.letterStorybook.instructions.matchAssociation","התאימו את התמונה לאות הנכונה.","/audio/he/games/letter-storybook/instructions/match-association.mp3","yes"
"p01-mission","common.games.letterStorybook.instructions.mission","בכל עמוד נכיר אות אחת ומילת עוגן אחת.","/audio/he/games/letter-storybook/instructions/mission.mp3","yes"
"p01-mission","common.games.letterStorybook.instructions.tapHint","לחצו על רמז.","/audio/he/games/letter-storybook/instructions/tap-hint.mp3","yes"
"p01-mission","common.games.letterStorybook.instructions.tapNext","לחצו על הבא.","/audio/he/games/letter-storybook/instructions/tap-next.mp3","yes"
"p01-mission","common.games.letterStorybook.instructions.tapReplay","לחצו על השמעה חוזרת.","/audio/he/games/letter-storybook/instructions/tap-replay.mp3","yes"
"p01-mission","common.games.letterStorybook.instructions.tapRetry","לחצו על נסו שוב.","/audio/he/games/letter-storybook/instructions/tap-retry.mp3","yes"
"letter-alef","common.games.letterStorybook.letters.alef.hint1","רמז ראשון: שומעים אלף.","/audio/he/games/letter-storybook/letters/alef/hint1.mp3","yes"
"letter-alef","common.games.letterStorybook.letters.alef.hint2","רמז שני: מחפשים את א בתחילת אריה.","/audio/he/games/letter-storybook/letters/alef/hint2.mp3","yes"
"letter-alef","common.games.letterStorybook.letters.alef.hint3","רמז שלישי: דובי מצביע על א, ועכשיו אתם נוגעים.","/audio/he/games/letter-storybook/letters/alef/hint3.mp3","yes"
"letter-alef","common.games.letterStorybook.letters.alef.imageAlt","אריה ידידותי מנופף לדובי ליד שער השביל","/audio/he/games/letter-storybook/letters/alef/image-alt.mp3","yes"
"letter-alef","common.games.letterStorybook.letters.alef.intro","זאת האות א.","/audio/he/games/letter-storybook/letters/alef/intro.mp3","yes"
"letter-alef","common.games.letterStorybook.letters.alef.name","אלף","/audio/he/games/letter-storybook/letters/alef/name.mp3","yes"
"letter-alef","common.games.letterStorybook.letters.alef.prompt","איפה האות א? נוגעים בה יחד.","/audio/he/games/letter-storybook/letters/alef/prompt.mp3","yes"
"letter-alef","common.games.letterStorybook.letters.alef.retry","ננסה שוב יחד. מחפשים את האות א.","/audio/he/games/letter-storybook/letters/alef/retry.mp3","yes"
"letter-alef","common.games.letterStorybook.letters.alef.sound","אלף. האות א.","/audio/he/games/letter-storybook/letters/alef/sound.mp3","yes"
"letter-alef","common.games.letterStorybook.letters.alef.story","דובי פוגש את אריה בשביל האותיות.","/audio/he/games/letter-storybook/letters/alef/story.mp3","yes"
"letter-alef","common.games.letterStorybook.letters.alef.success","יופי! מצאנו את האות א.","/audio/he/games/letter-storybook/letters/alef/success.mp3","yes"
"letter-alef","common.games.letterStorybook.letters.alef.symbol","א","/audio/he/games/letter-storybook/letters/alef/symbol.mp3","yes"
"letter-alef","common.games.letterStorybook.letters.alef.word","אריה","/audio/he/games/letter-storybook/letters/alef/word.mp3","yes"
"letter-ayin","common.games.letterStorybook.letters.ayin.hint1","רמז ראשון: שומעים עין.","/audio/he/games/letter-storybook/letters/ayin/hint1.mp3","yes"
"letter-ayin","common.games.letterStorybook.letters.ayin.hint2","רמז שני: מחפשים את ע בתחילת ענן.","/audio/he/games/letter-storybook/letters/ayin/hint2.mp3","yes"
"letter-ayin","common.games.letterStorybook.letters.ayin.hint3","רמז שלישי: דובי מצביע על ע, ועכשיו אתם נוגעים.","/audio/he/games/letter-storybook/letters/ayin/hint3.mp3","yes"
"letter-ayin","common.games.letterStorybook.letters.ayin.imageAlt","ענן לבן מעל גבעה ירוקה","/audio/he/games/letter-storybook/letters/ayin/image-alt.mp3","yes"
"letter-ayin","common.games.letterStorybook.letters.ayin.intro","זאת האות ע.","/audio/he/games/letter-storybook/letters/ayin/intro.mp3","yes"
"letter-ayin","common.games.letterStorybook.letters.ayin.name","עין","/audio/he/games/letter-storybook/letters/ayin/name.mp3","yes"
"letter-ayin","common.games.letterStorybook.letters.ayin.prompt","איפה האות ע? נוגעים בה יחד.","/audio/he/games/letter-storybook/letters/ayin/prompt.mp3","yes"
"letter-ayin","common.games.letterStorybook.letters.ayin.retry","ננסה שוב יחד. מחפשים את האות ע.","/audio/he/games/letter-storybook/letters/ayin/retry.mp3","yes"
"letter-ayin","common.games.letterStorybook.letters.ayin.sound","עין. האות ע.","/audio/he/games/letter-storybook/letters/ayin/sound.mp3","yes"
"letter-ayin","common.games.letterStorybook.letters.ayin.story","דובי פוגש את ענן בשביל האותיות.","/audio/he/games/letter-storybook/letters/ayin/story.mp3","yes"
"letter-ayin","common.games.letterStorybook.letters.ayin.success","יופי! מצאנו את האות ע.","/audio/he/games/letter-storybook/letters/ayin/success.mp3","yes"
"letter-ayin","common.games.letterStorybook.letters.ayin.symbol","ע","/audio/he/games/letter-storybook/letters/ayin/symbol.mp3","yes"
"letter-ayin","common.games.letterStorybook.letters.ayin.word","ענן","/audio/he/games/letter-storybook/letters/ayin/word.mp3","yes"
"letter-bet","common.games.letterStorybook.letters.bet.hint1","רמז ראשון: שומעים בית.","/audio/he/games/letter-storybook/letters/bet/hint1.mp3","yes"
"letter-bet","common.games.letterStorybook.letters.bet.hint2","רמז שני: מחפשים את ב בתחילת בלון.","/audio/he/games/letter-storybook/letters/bet/hint2.mp3","yes"
"letter-bet","common.games.letterStorybook.letters.bet.hint3","רמז שלישי: דובי מצביע על ב, ועכשיו אתם נוגעים.","/audio/he/games/letter-storybook/letters/bet/hint3.mp3","yes"
"letter-bet","common.games.letterStorybook.letters.bet.imageAlt","בלון צבעוני מעל שביל האותיות","/audio/he/games/letter-storybook/letters/bet/image-alt.mp3","yes"
"letter-bet","common.games.letterStorybook.letters.bet.intro","זאת האות ב.","/audio/he/games/letter-storybook/letters/bet/intro.mp3","yes"
"letter-bet","common.games.letterStorybook.letters.bet.name","בית","/audio/he/games/letter-storybook/letters/bet/name.mp3","yes"
"letter-bet","common.games.letterStorybook.letters.bet.prompt","איפה האות ב? נוגעים בה יחד.","/audio/he/games/letter-storybook/letters/bet/prompt.mp3","yes"
"letter-bet","common.games.letterStorybook.letters.bet.retry","ננסה שוב יחד. מחפשים את האות ב.","/audio/he/games/letter-storybook/letters/bet/retry.mp3","yes"
"letter-bet","common.games.letterStorybook.letters.bet.sound","בית. האות ב.","/audio/he/games/letter-storybook/letters/bet/sound.mp3","yes"
"letter-bet","common.games.letterStorybook.letters.bet.story","דובי פוגש את בלון בשביל האותיות.","/audio/he/games/letter-storybook/letters/bet/story.mp3","yes"
"letter-bet","common.games.letterStorybook.letters.bet.success","יופי! מצאנו את האות ב.","/audio/he/games/letter-storybook/letters/bet/success.mp3","yes"
"letter-bet","common.games.letterStorybook.letters.bet.symbol","ב","/audio/he/games/letter-storybook/letters/bet/symbol.mp3","yes"
"letter-bet","common.games.letterStorybook.letters.bet.word","בלון","/audio/he/games/letter-storybook/letters/bet/word.mp3","yes"
"letter-dalet","common.games.letterStorybook.letters.dalet.hint1","רמז ראשון: שומעים דלת.","/audio/he/games/letter-storybook/letters/dalet/hint1.mp3","yes"
"letter-dalet","common.games.letterStorybook.letters.dalet.hint2","רמז שני: מחפשים את ד בתחילת דג.","/audio/he/games/letter-storybook/letters/dalet/hint2.mp3","yes"
"letter-dalet","common.games.letterStorybook.letters.dalet.hint3","רמז שלישי: דובי מצביע על ד, ועכשיו אתם נוגעים.","/audio/he/games/letter-storybook/letters/dalet/hint3.mp3","yes"
"letter-dalet","common.games.letterStorybook.letters.dalet.imageAlt","דג צבעוני קופץ בבריכה קטנה","/audio/he/games/letter-storybook/letters/dalet/image-alt.mp3","yes"
"letter-dalet","common.games.letterStorybook.letters.dalet.intro","זאת האות ד.","/audio/he/games/letter-storybook/letters/dalet/intro.mp3","yes"
"letter-dalet","common.games.letterStorybook.letters.dalet.name","דלת","/audio/he/games/letter-storybook/letters/dalet/name.mp3","yes"
"letter-dalet","common.games.letterStorybook.letters.dalet.prompt","איפה האות ד? נוגעים בה יחד.","/audio/he/games/letter-storybook/letters/dalet/prompt.mp3","yes"
"letter-dalet","common.games.letterStorybook.letters.dalet.retry","ננסה שוב יחד. מחפשים את האות ד.","/audio/he/games/letter-storybook/letters/dalet/retry.mp3","yes"
"letter-dalet","common.games.letterStorybook.letters.dalet.sound","דלת. האות ד.","/audio/he/games/letter-storybook/letters/dalet/sound.mp3","yes"
"letter-dalet","common.games.letterStorybook.letters.dalet.story","דובי פוגש את דג בשביל האותיות.","/audio/he/games/letter-storybook/letters/dalet/story.mp3","yes"
"letter-dalet","common.games.letterStorybook.letters.dalet.success","יופי! מצאנו את האות ד.","/audio/he/games/letter-storybook/letters/dalet/success.mp3","yes"
"letter-dalet","common.games.letterStorybook.letters.dalet.symbol","ד","/audio/he/games/letter-storybook/letters/dalet/symbol.mp3","yes"
"letter-dalet","common.games.letterStorybook.letters.dalet.word","דג","/audio/he/games/letter-storybook/letters/dalet/word.mp3","yes"
"letter-gimel","common.games.letterStorybook.letters.gimel.hint1","רמז ראשון: שומעים גימל.","/audio/he/games/letter-storybook/letters/gimel/hint1.mp3","yes"
"letter-gimel","common.games.letterStorybook.letters.gimel.hint2","רמז שני: מחפשים את ג בתחילת גזר.","/audio/he/games/letter-storybook/letters/gimel/hint2.mp3","yes"
"letter-gimel","common.games.letterStorybook.letters.gimel.hint3","רמז שלישי: דובי מצביע על ג, ועכשיו אתם נוגעים.","/audio/he/games/letter-storybook/letters/gimel/hint3.mp3","yes"
"letter-gimel","common.games.letterStorybook.letters.gimel.imageAlt","גזר גדול בגינת הירקות של דובי","/audio/he/games/letter-storybook/letters/gimel/image-alt.mp3","yes"
"letter-gimel","common.games.letterStorybook.letters.gimel.intro","זאת האות ג.","/audio/he/games/letter-storybook/letters/gimel/intro.mp3","yes"
"letter-gimel","common.games.letterStorybook.letters.gimel.name","גימל","/audio/he/games/letter-storybook/letters/gimel/name.mp3","yes"
"letter-gimel","common.games.letterStorybook.letters.gimel.prompt","איפה האות ג? נוגעים בה יחד.","/audio/he/games/letter-storybook/letters/gimel/prompt.mp3","yes"
"letter-gimel","common.games.letterStorybook.letters.gimel.retry","ננסה שוב יחד. מחפשים את האות ג.","/audio/he/games/letter-storybook/letters/gimel/retry.mp3","yes"
"letter-gimel","common.games.letterStorybook.letters.gimel.sound","גימל. האות ג.","/audio/he/games/letter-storybook/letters/gimel/sound.mp3","yes"
"letter-gimel","common.games.letterStorybook.letters.gimel.story","דובי פוגש את גזר בשביל האותיות.","/audio/he/games/letter-storybook/letters/gimel/story.mp3","yes"
"letter-gimel","common.games.letterStorybook.letters.gimel.success","יופי! מצאנו את האות ג.","/audio/he/games/letter-storybook/letters/gimel/success.mp3","yes"
"letter-gimel","common.games.letterStorybook.letters.gimel.symbol","ג","/audio/he/games/letter-storybook/letters/gimel/symbol.mp3","yes"
"letter-gimel","common.games.letterStorybook.letters.gimel.word","גזר","/audio/he/games/letter-storybook/letters/gimel/word.mp3","yes"
"letter-he","common.games.letterStorybook.letters.he.hint1","רמז ראשון: שומעים הא.","/audio/he/games/letter-storybook/letters/he/hint1.mp3","yes"
"letter-he","common.games.letterStorybook.letters.he.hint2","רמז שני: מחפשים את ה בתחילת הר.","/audio/he/games/letter-storybook/letters/he/hint2.mp3","yes"
"letter-he","common.games.letterStorybook.letters.he.hint3","רמז שלישי: דובי מצביע על ה, ועכשיו אתם נוגעים.","/audio/he/games/letter-storybook/letters/he/hint3.mp3","yes"
"letter-he","common.games.letterStorybook.letters.he.imageAlt","הר עגול עם שביל הליכה ברור","/audio/he/games/letter-storybook/letters/he/image-alt.mp3","yes"
"letter-he","common.games.letterStorybook.letters.he.intro","זאת האות ה.","/audio/he/games/letter-storybook/letters/he/intro.mp3","yes"
"letter-he","common.games.letterStorybook.letters.he.name","הא","/audio/he/games/letter-storybook/letters/he/name.mp3","yes"
"letter-he","common.games.letterStorybook.letters.he.prompt","איפה האות ה? נוגעים בה יחד.","/audio/he/games/letter-storybook/letters/he/prompt.mp3","yes"
"letter-he","common.games.letterStorybook.letters.he.retry","ננסה שוב יחד. מחפשים את האות ה.","/audio/he/games/letter-storybook/letters/he/retry.mp3","yes"
"letter-he","common.games.letterStorybook.letters.he.sound","הא. האות ה.","/audio/he/games/letter-storybook/letters/he/sound.mp3","yes"
"letter-he","common.games.letterStorybook.letters.he.story","דובי פוגש את הר בשביל האותיות.","/audio/he/games/letter-storybook/letters/he/story.mp3","yes"
"letter-he","common.games.letterStorybook.letters.he.success","יופי! מצאנו את האות ה.","/audio/he/games/letter-storybook/letters/he/success.mp3","yes"
"letter-he","common.games.letterStorybook.letters.he.symbol","ה","/audio/he/games/letter-storybook/letters/he/symbol.mp3","yes"
"letter-he","common.games.letterStorybook.letters.he.word","הר","/audio/he/games/letter-storybook/letters/he/word.mp3","yes"
"letter-het","common.games.letterStorybook.letters.het.hint1","רמז ראשון: שומעים חית.","/audio/he/games/letter-storybook/letters/het/hint1.mp3","yes"
"letter-het","common.games.letterStorybook.letters.het.hint2","רמז שני: מחפשים את ח בתחילת חתול.","/audio/he/games/letter-storybook/letters/het/hint2.mp3","yes"
"letter-het","common.games.letterStorybook.letters.het.hint3","רמז שלישי: דובי מצביע על ח, ועכשיו אתם נוגעים.","/audio/he/games/letter-storybook/letters/het/hint3.mp3","yes"
"letter-het","common.games.letterStorybook.letters.het.imageAlt","חתול סקרן מציץ מחלון קטן","/audio/he/games/letter-storybook/letters/het/image-alt.mp3","yes"
"letter-het","common.games.letterStorybook.letters.het.intro","זאת האות ח.","/audio/he/games/letter-storybook/letters/het/intro.mp3","yes"
"letter-het","common.games.letterStorybook.letters.het.name","חית","/audio/he/games/letter-storybook/letters/het/name.mp3","yes"
"letter-het","common.games.letterStorybook.letters.het.prompt","איפה האות ח? נוגעים בה יחד.","/audio/he/games/letter-storybook/letters/het/prompt.mp3","yes"
"letter-het","common.games.letterStorybook.letters.het.retry","ננסה שוב יחד. מחפשים את האות ח.","/audio/he/games/letter-storybook/letters/het/retry.mp3","yes"
"letter-het","common.games.letterStorybook.letters.het.sound","חית. האות ח.","/audio/he/games/letter-storybook/letters/het/sound.mp3","yes"
"letter-het","common.games.letterStorybook.letters.het.story","דובי פוגש את חתול בשביל האותיות.","/audio/he/games/letter-storybook/letters/het/story.mp3","yes"
"letter-het","common.games.letterStorybook.letters.het.success","יופי! מצאנו את האות ח.","/audio/he/games/letter-storybook/letters/het/success.mp3","yes"
"letter-het","common.games.letterStorybook.letters.het.symbol","ח","/audio/he/games/letter-storybook/letters/het/symbol.mp3","yes"
"letter-het","common.games.letterStorybook.letters.het.word","חתול","/audio/he/games/letter-storybook/letters/het/word.mp3","yes"
"letter-kaf","common.games.letterStorybook.letters.kaf.hint1","רמז ראשון: שומעים כף.","/audio/he/games/letter-storybook/letters/kaf/hint1.mp3","yes"
"letter-kaf","common.games.letterStorybook.letters.kaf.hint2","רמז שני: מחפשים את כ בתחילת כובע.","/audio/he/games/letter-storybook/letters/kaf/hint2.mp3","yes"
"letter-kaf","common.games.letterStorybook.letters.kaf.hint3","רמז שלישי: דובי מצביע על כ, ועכשיו אתם נוגעים.","/audio/he/games/letter-storybook/letters/kaf/hint3.mp3","yes"
"letter-kaf","common.games.letterStorybook.letters.kaf.imageAlt","כובע גדול מונח על ספסל","/audio/he/games/letter-storybook/letters/kaf/image-alt.mp3","yes"
"letter-kaf","common.games.letterStorybook.letters.kaf.intro","זאת האות כ.","/audio/he/games/letter-storybook/letters/kaf/intro.mp3","yes"
"letter-kaf","common.games.letterStorybook.letters.kaf.name","כף","/audio/he/games/letter-storybook/letters/kaf/name.mp3","yes"
"letter-kaf","common.games.letterStorybook.letters.kaf.prompt","איפה האות כ? נוגעים בה יחד.","/audio/he/games/letter-storybook/letters/kaf/prompt.mp3","yes"
"letter-kaf","common.games.letterStorybook.letters.kaf.retry","ננסה שוב יחד. מחפשים את האות כ.","/audio/he/games/letter-storybook/letters/kaf/retry.mp3","yes"
"letter-kaf","common.games.letterStorybook.letters.kaf.sound","כף. האות כ.","/audio/he/games/letter-storybook/letters/kaf/sound.mp3","yes"
"letter-kaf","common.games.letterStorybook.letters.kaf.story","דובי פוגש את כובע בשביל האותיות.","/audio/he/games/letter-storybook/letters/kaf/story.mp3","yes"
"letter-kaf","common.games.letterStorybook.letters.kaf.success","יופי! מצאנו את האות כ.","/audio/he/games/letter-storybook/letters/kaf/success.mp3","yes"
"letter-kaf","common.games.letterStorybook.letters.kaf.symbol","כ","/audio/he/games/letter-storybook/letters/kaf/symbol.mp3","yes"
"letter-kaf","common.games.letterStorybook.letters.kaf.word","כובע","/audio/he/games/letter-storybook/letters/kaf/word.mp3","yes"
"letter-lamed","common.games.letterStorybook.letters.lamed.hint1","רמז ראשון: שומעים למד.","/audio/he/games/letter-storybook/letters/lamed/hint1.mp3","yes"
"letter-lamed","common.games.letterStorybook.letters.lamed.hint2","רמז שני: מחפשים את ל בתחילת לימון.","/audio/he/games/letter-storybook/letters/lamed/hint2.mp3","yes"
"letter-lamed","common.games.letterStorybook.letters.lamed.hint3","רמז שלישי: דובי מצביע על ל, ועכשיו אתם נוגעים.","/audio/he/games/letter-storybook/letters/lamed/hint3.mp3","yes"
"letter-lamed","common.games.letterStorybook.letters.lamed.imageAlt","לימון צהוב על ענף עץ","/audio/he/games/letter-storybook/letters/lamed/image-alt.mp3","yes"
"letter-lamed","common.games.letterStorybook.letters.lamed.intro","זאת האות ל.","/audio/he/games/letter-storybook/letters/lamed/intro.mp3","yes"
"letter-lamed","common.games.letterStorybook.letters.lamed.name","למד","/audio/he/games/letter-storybook/letters/lamed/name.mp3","yes"
"letter-lamed","common.games.letterStorybook.letters.lamed.prompt","איפה האות ל? נוגעים בה יחד.","/audio/he/games/letter-storybook/letters/lamed/prompt.mp3","yes"
"letter-lamed","common.games.letterStorybook.letters.lamed.retry","ננסה שוב יחד. מחפשים את האות ל.","/audio/he/games/letter-storybook/letters/lamed/retry.mp3","yes"
"letter-lamed","common.games.letterStorybook.letters.lamed.sound","למד. האות ל.","/audio/he/games/letter-storybook/letters/lamed/sound.mp3","yes"
"letter-lamed","common.games.letterStorybook.letters.lamed.story","דובי פוגש את לימון בשביל האותיות.","/audio/he/games/letter-storybook/letters/lamed/story.mp3","yes"
"letter-lamed","common.games.letterStorybook.letters.lamed.success","יופי! מצאנו את האות ל.","/audio/he/games/letter-storybook/letters/lamed/success.mp3","yes"
"letter-lamed","common.games.letterStorybook.letters.lamed.symbol","ל","/audio/he/games/letter-storybook/letters/lamed/symbol.mp3","yes"
"letter-lamed","common.games.letterStorybook.letters.lamed.word","לימון","/audio/he/games/letter-storybook/letters/lamed/word.mp3","yes"
"letter-mem","common.games.letterStorybook.letters.mem.hint1","רמז ראשון: שומעים מם.","/audio/he/games/letter-storybook/letters/mem/hint1.mp3","yes"
"letter-mem","common.games.letterStorybook.letters.mem.hint2","רמז שני: מחפשים את מ בתחילת מטרייה.","/audio/he/games/letter-storybook/letters/mem/hint2.mp3","yes"
"letter-mem","common.games.letterStorybook.letters.mem.hint3","רמז שלישי: דובי מצביע על מ, ועכשיו אתם נוגעים.","/audio/he/games/letter-storybook/letters/mem/hint3.mp3","yes"
"letter-mem","common.games.letterStorybook.letters.mem.imageAlt","מטרייה פתוחה בגשם עדין","/audio/he/games/letter-storybook/letters/mem/image-alt.mp3","yes"
"letter-mem","common.games.letterStorybook.letters.mem.intro","זאת האות מ.","/audio/he/games/letter-storybook/letters/mem/intro.mp3","yes"
"letter-mem","common.games.letterStorybook.letters.mem.name","מם","/audio/he/games/letter-storybook/letters/mem/name.mp3","yes"
"letter-mem","common.games.letterStorybook.letters.mem.prompt","איפה האות מ? נוגעים בה יחד.","/audio/he/games/letter-storybook/letters/mem/prompt.mp3","yes"
"letter-mem","common.games.letterStorybook.letters.mem.retry","ננסה שוב יחד. מחפשים את האות מ.","/audio/he/games/letter-storybook/letters/mem/retry.mp3","yes"
"letter-mem","common.games.letterStorybook.letters.mem.sound","מם. האות מ.","/audio/he/games/letter-storybook/letters/mem/sound.mp3","yes"
"letter-mem","common.games.letterStorybook.letters.mem.story","דובי פוגש את מטרייה בשביל האותיות.","/audio/he/games/letter-storybook/letters/mem/story.mp3","yes"
"letter-mem","common.games.letterStorybook.letters.mem.success","יופי! מצאנו את האות מ.","/audio/he/games/letter-storybook/letters/mem/success.mp3","yes"
"letter-mem","common.games.letterStorybook.letters.mem.symbol","מ","/audio/he/games/letter-storybook/letters/mem/symbol.mp3","yes"
"letter-mem","common.games.letterStorybook.letters.mem.word","מטרייה","/audio/he/games/letter-storybook/letters/mem/word.mp3","yes"
"letter-nun","common.games.letterStorybook.letters.nun.hint1","רמז ראשון: שומעים נון.","/audio/he/games/letter-storybook/letters/nun/hint1.mp3","yes"
"letter-nun","common.games.letterStorybook.letters.nun.hint2","רמז שני: מחפשים את נ בתחילת נר.","/audio/he/games/letter-storybook/letters/nun/hint2.mp3","yes"
"letter-nun","common.games.letterStorybook.letters.nun.hint3","רמז שלישי: דובי מצביע על נ, ועכשיו אתם נוגעים.","/audio/he/games/letter-storybook/letters/nun/hint3.mp3","yes"
"letter-nun","common.games.letterStorybook.letters.nun.imageAlt","נר דולק באור רך ובטוח","/audio/he/games/letter-storybook/letters/nun/image-alt.mp3","yes"
"letter-nun","common.games.letterStorybook.letters.nun.intro","זאת האות נ.","/audio/he/games/letter-storybook/letters/nun/intro.mp3","yes"
"letter-nun","common.games.letterStorybook.letters.nun.name","נון","/audio/he/games/letter-storybook/letters/nun/name.mp3","yes"
"letter-nun","common.games.letterStorybook.letters.nun.prompt","איפה האות נ? נוגעים בה יחד.","/audio/he/games/letter-storybook/letters/nun/prompt.mp3","yes"
"letter-nun","common.games.letterStorybook.letters.nun.retry","ננסה שוב יחד. מחפשים את האות נ.","/audio/he/games/letter-storybook/letters/nun/retry.mp3","yes"
"letter-nun","common.games.letterStorybook.letters.nun.sound","נון. האות נ.","/audio/he/games/letter-storybook/letters/nun/sound.mp3","yes"
"letter-nun","common.games.letterStorybook.letters.nun.story","דובי פוגש את נר בשביל האותיות.","/audio/he/games/letter-storybook/letters/nun/story.mp3","yes"
"letter-nun","common.games.letterStorybook.letters.nun.success","יופי! מצאנו את האות נ.","/audio/he/games/letter-storybook/letters/nun/success.mp3","yes"
"letter-nun","common.games.letterStorybook.letters.nun.symbol","נ","/audio/he/games/letter-storybook/letters/nun/symbol.mp3","yes"
"letter-nun","common.games.letterStorybook.letters.nun.word","נר","/audio/he/games/letter-storybook/letters/nun/word.mp3","yes"
"letter-pe","common.games.letterStorybook.letters.pe.hint1","רמז ראשון: שומעים פא.","/audio/he/games/letter-storybook/letters/pe/hint1.mp3","yes"
"letter-pe","common.games.letterStorybook.letters.pe.hint2","רמז שני: מחפשים את פ בתחילת פרח.","/audio/he/games/letter-storybook/letters/pe/hint2.mp3","yes"
"letter-pe","common.games.letterStorybook.letters.pe.hint3","רמז שלישי: דובי מצביע על פ, ועכשיו אתם נוגעים.","/audio/he/games/letter-storybook/letters/pe/hint3.mp3","yes"
"letter-pe","common.games.letterStorybook.letters.pe.imageAlt","פרח גדול עם עלי כותרת צבעוניים","/audio/he/games/letter-storybook/letters/pe/image-alt.mp3","yes"
"letter-pe","common.games.letterStorybook.letters.pe.intro","זאת האות פ.","/audio/he/games/letter-storybook/letters/pe/intro.mp3","yes"
"letter-pe","common.games.letterStorybook.letters.pe.name","פא","/audio/he/games/letter-storybook/letters/pe/name.mp3","yes"
"letter-pe","common.games.letterStorybook.letters.pe.prompt","איפה האות פ? נוגעים בה יחד.","/audio/he/games/letter-storybook/letters/pe/prompt.mp3","yes"
"letter-pe","common.games.letterStorybook.letters.pe.retry","ננסה שוב יחד. מחפשים את האות פ.","/audio/he/games/letter-storybook/letters/pe/retry.mp3","yes"
"letter-pe","common.games.letterStorybook.letters.pe.sound","פא. האות פ.","/audio/he/games/letter-storybook/letters/pe/sound.mp3","yes"
"letter-pe","common.games.letterStorybook.letters.pe.story","דובי פוגש את פרח בשביל האותיות.","/audio/he/games/letter-storybook/letters/pe/story.mp3","yes"
"letter-pe","common.games.letterStorybook.letters.pe.success","יופי! מצאנו את האות פ.","/audio/he/games/letter-storybook/letters/pe/success.mp3","yes"
"letter-pe","common.games.letterStorybook.letters.pe.symbol","פ","/audio/he/games/letter-storybook/letters/pe/symbol.mp3","yes"
"letter-pe","common.games.letterStorybook.letters.pe.word","פרח","/audio/he/games/letter-storybook/letters/pe/word.mp3","yes"
"letter-qof","common.games.letterStorybook.letters.qof.hint1","רמז ראשון: שומעים קוף.","/audio/he/games/letter-storybook/letters/qof/hint1.mp3","yes"
"letter-qof","common.games.letterStorybook.letters.qof.hint2","רמז שני: מחפשים את ק בתחילת קוף.","/audio/he/games/letter-storybook/letters/qof/hint2.mp3","yes"
"letter-qof","common.games.letterStorybook.letters.qof.hint3","רמז שלישי: דובי מצביע על ק, ועכשיו אתם נוגעים.","/audio/he/games/letter-storybook/letters/qof/hint3.mp3","yes"
"letter-qof","common.games.letterStorybook.letters.qof.imageAlt","קוף מחייך תלוי על ענף","/audio/he/games/letter-storybook/letters/qof/image-alt.mp3","yes"
"letter-qof","common.games.letterStorybook.letters.qof.intro","זאת האות ק.","/audio/he/games/letter-storybook/letters/qof/intro.mp3","yes"
"letter-qof","common.games.letterStorybook.letters.qof.name","קוף","/audio/he/games/letter-storybook/letters/qof/name.mp3","yes"
"letter-qof","common.games.letterStorybook.letters.qof.prompt","איפה האות ק? נוגעים בה יחד.","/audio/he/games/letter-storybook/letters/qof/prompt.mp3","yes"
"letter-qof","common.games.letterStorybook.letters.qof.retry","ננסה שוב יחד. מחפשים את האות ק.","/audio/he/games/letter-storybook/letters/qof/retry.mp3","yes"
"letter-qof","common.games.letterStorybook.letters.qof.sound","קוף. האות ק.","/audio/he/games/letter-storybook/letters/qof/sound.mp3","yes"
"letter-qof","common.games.letterStorybook.letters.qof.story","דובי פוגש את קוף בשביל האותיות.","/audio/he/games/letter-storybook/letters/qof/story.mp3","yes"
"letter-qof","common.games.letterStorybook.letters.qof.success","יופי! מצאנו את האות ק.","/audio/he/games/letter-storybook/letters/qof/success.mp3","yes"
"letter-qof","common.games.letterStorybook.letters.qof.symbol","ק","/audio/he/games/letter-storybook/letters/qof/symbol.mp3","yes"
"letter-qof","common.games.letterStorybook.letters.qof.word","קוף","/audio/he/games/letter-storybook/letters/qof/word.mp3","yes"
"letter-resh","common.games.letterStorybook.letters.resh.hint1","רמז ראשון: שומעים ריש.","/audio/he/games/letter-storybook/letters/resh/hint1.mp3","yes"
"letter-resh","common.games.letterStorybook.letters.resh.hint2","רמז שני: מחפשים את ר בתחילת רכבת.","/audio/he/games/letter-storybook/letters/resh/hint2.mp3","yes"
"letter-resh","common.games.letterStorybook.letters.resh.hint3","רמז שלישי: דובי מצביע על ר, ועכשיו אתם נוגעים.","/audio/he/games/letter-storybook/letters/resh/hint3.mp3","yes"
"letter-resh","common.games.letterStorybook.letters.resh.imageAlt","רכבת עם שני קרונות על גשר","/audio/he/games/letter-storybook/letters/resh/image-alt.mp3","yes"
"letter-resh","common.games.letterStorybook.letters.resh.intro","זאת האות ר.","/audio/he/games/letter-storybook/letters/resh/intro.mp3","yes"
"letter-resh","common.games.letterStorybook.letters.resh.name","ריש","/audio/he/games/letter-storybook/letters/resh/name.mp3","yes"
"letter-resh","common.games.letterStorybook.letters.resh.prompt","איפה האות ר? נוגעים בה יחד.","/audio/he/games/letter-storybook/letters/resh/prompt.mp3","yes"
"letter-resh","common.games.letterStorybook.letters.resh.retry","ננסה שוב יחד. מחפשים את האות ר.","/audio/he/games/letter-storybook/letters/resh/retry.mp3","yes"
"letter-resh","common.games.letterStorybook.letters.resh.sound","ריש. האות ר.","/audio/he/games/letter-storybook/letters/resh/sound.mp3","yes"
"letter-resh","common.games.letterStorybook.letters.resh.story","דובי פוגש את רכבת בשביל האותיות.","/audio/he/games/letter-storybook/letters/resh/story.mp3","yes"
"letter-resh","common.games.letterStorybook.letters.resh.success","יופי! מצאנו את האות ר.","/audio/he/games/letter-storybook/letters/resh/success.mp3","yes"
"letter-resh","common.games.letterStorybook.letters.resh.symbol","ר","/audio/he/games/letter-storybook/letters/resh/symbol.mp3","yes"
"letter-resh","common.games.letterStorybook.letters.resh.word","רכבת","/audio/he/games/letter-storybook/letters/resh/word.mp3","yes"
"letter-samekh","common.games.letterStorybook.letters.samekh.hint1","רמז ראשון: שומעים סמך.","/audio/he/games/letter-storybook/letters/samekh/hint1.mp3","yes"
"letter-samekh","common.games.letterStorybook.letters.samekh.hint2","רמז שני: מחפשים את ס בתחילת סוס.","/audio/he/games/letter-storybook/letters/samekh/hint2.mp3","yes"
"letter-samekh","common.games.letterStorybook.letters.samekh.hint3","רמז שלישי: דובי מצביע על ס, ועכשיו אתם נוגעים.","/audio/he/games/letter-storybook/letters/samekh/hint3.mp3","yes"
"letter-samekh","common.games.letterStorybook.letters.samekh.imageAlt","סוס עומד ליד גדר עץ","/audio/he/games/letter-storybook/letters/samekh/image-alt.mp3","yes"
"letter-samekh","common.games.letterStorybook.letters.samekh.intro","זאת האות ס.","/audio/he/games/letter-storybook/letters/samekh/intro.mp3","yes"
"letter-samekh","common.games.letterStorybook.letters.samekh.name","סמך","/audio/he/games/letter-storybook/letters/samekh/name.mp3","yes"
"letter-samekh","common.games.letterStorybook.letters.samekh.prompt","איפה האות ס? נוגעים בה יחד.","/audio/he/games/letter-storybook/letters/samekh/prompt.mp3","yes"
"letter-samekh","common.games.letterStorybook.letters.samekh.retry","ננסה שוב יחד. מחפשים את האות ס.","/audio/he/games/letter-storybook/letters/samekh/retry.mp3","yes"
"letter-samekh","common.games.letterStorybook.letters.samekh.sound","סמך. האות ס.","/audio/he/games/letter-storybook/letters/samekh/sound.mp3","yes"
"letter-samekh","common.games.letterStorybook.letters.samekh.story","דובי פוגש את סוס בשביל האותיות.","/audio/he/games/letter-storybook/letters/samekh/story.mp3","yes"
"letter-samekh","common.games.letterStorybook.letters.samekh.success","יופי! מצאנו את האות ס.","/audio/he/games/letter-storybook/letters/samekh/success.mp3","yes"
"letter-samekh","common.games.letterStorybook.letters.samekh.symbol","ס","/audio/he/games/letter-storybook/letters/samekh/symbol.mp3","yes"
"letter-samekh","common.games.letterStorybook.letters.samekh.word","סוס","/audio/he/games/letter-storybook/letters/samekh/word.mp3","yes"
"letter-shin","common.games.letterStorybook.letters.shin.hint1","רמז ראשון: שומעים שין.","/audio/he/games/letter-storybook/letters/shin/hint1.mp3","yes"
"letter-shin","common.games.letterStorybook.letters.shin.hint2","רמז שני: מחפשים את ש בתחילת שמש.","/audio/he/games/letter-storybook/letters/shin/hint2.mp3","yes"
"letter-shin","common.games.letterStorybook.letters.shin.hint3","רמז שלישי: דובי מצביע על ש, ועכשיו אתם נוגעים.","/audio/he/games/letter-storybook/letters/shin/hint3.mp3","yes"
"letter-shin","common.games.letterStorybook.letters.shin.imageAlt","שמש מחייכת עם קרניים עדינות","/audio/he/games/letter-storybook/letters/shin/image-alt.mp3","yes"
"letter-shin","common.games.letterStorybook.letters.shin.intro","זאת האות ש.","/audio/he/games/letter-storybook/letters/shin/intro.mp3","yes"
"letter-shin","common.games.letterStorybook.letters.shin.name","שין","/audio/he/games/letter-storybook/letters/shin/name.mp3","yes"
"letter-shin","common.games.letterStorybook.letters.shin.prompt","איפה האות ש? נוגעים בה יחד.","/audio/he/games/letter-storybook/letters/shin/prompt.mp3","yes"
"letter-shin","common.games.letterStorybook.letters.shin.retry","ננסה שוב יחד. מחפשים את האות ש.","/audio/he/games/letter-storybook/letters/shin/retry.mp3","yes"
"letter-shin","common.games.letterStorybook.letters.shin.sound","שין. האות ש.","/audio/he/games/letter-storybook/letters/shin/sound.mp3","yes"
"letter-shin","common.games.letterStorybook.letters.shin.story","דובי פוגש את שמש בשביל האותיות.","/audio/he/games/letter-storybook/letters/shin/story.mp3","yes"
"letter-shin","common.games.letterStorybook.letters.shin.success","יופי! מצאנו את האות ש.","/audio/he/games/letter-storybook/letters/shin/success.mp3","yes"
"letter-shin","common.games.letterStorybook.letters.shin.symbol","ש","/audio/he/games/letter-storybook/letters/shin/symbol.mp3","yes"
"letter-shin","common.games.letterStorybook.letters.shin.word","שמש","/audio/he/games/letter-storybook/letters/shin/word.mp3","yes"
"letter-tav","common.games.letterStorybook.letters.tav.hint1","רמז ראשון: שומעים תו.","/audio/he/games/letter-storybook/letters/tav/hint1.mp3","yes"
"letter-tav","common.games.letterStorybook.letters.tav.hint2","רמז שני: מחפשים את ת בתחילת תפוח.","/audio/he/games/letter-storybook/letters/tav/hint2.mp3","yes"
"letter-tav","common.games.letterStorybook.letters.tav.hint3","רמז שלישי: דובי מצביע על ת, ועכשיו אתם נוגעים.","/audio/he/games/letter-storybook/letters/tav/hint3.mp3","yes"
"letter-tav","common.games.letterStorybook.letters.tav.imageAlt","תפוח אדום ליד קו הסיום","/audio/he/games/letter-storybook/letters/tav/image-alt.mp3","yes"
"letter-tav","common.games.letterStorybook.letters.tav.intro","זאת האות ת.","/audio/he/games/letter-storybook/letters/tav/intro.mp3","yes"
"letter-tav","common.games.letterStorybook.letters.tav.name","תו","/audio/he/games/letter-storybook/letters/tav/name.mp3","yes"
"letter-tav","common.games.letterStorybook.letters.tav.prompt","איפה האות ת? נוגעים בה יחד.","/audio/he/games/letter-storybook/letters/tav/prompt.mp3","yes"
"letter-tav","common.games.letterStorybook.letters.tav.retry","ננסה שוב יחד. מחפשים את האות ת.","/audio/he/games/letter-storybook/letters/tav/retry.mp3","yes"
"letter-tav","common.games.letterStorybook.letters.tav.sound","תו. האות ת.","/audio/he/games/letter-storybook/letters/tav/sound.mp3","yes"
"letter-tav","common.games.letterStorybook.letters.tav.story","דובי פוגש את תפוח בשביל האותיות.","/audio/he/games/letter-storybook/letters/tav/story.mp3","yes"
"letter-tav","common.games.letterStorybook.letters.tav.success","יופי! מצאנו את האות ת.","/audio/he/games/letter-storybook/letters/tav/success.mp3","yes"
"letter-tav","common.games.letterStorybook.letters.tav.symbol","ת","/audio/he/games/letter-storybook/letters/tav/symbol.mp3","yes"
"letter-tav","common.games.letterStorybook.letters.tav.word","תפוח","/audio/he/games/letter-storybook/letters/tav/word.mp3","yes"
"letter-tet","common.games.letterStorybook.letters.tet.hint1","רמז ראשון: שומעים טית.","/audio/he/games/letter-storybook/letters/tet/hint1.mp3","yes"
"letter-tet","common.games.letterStorybook.letters.tet.hint2","רמז שני: מחפשים את ט בתחילת טווס.","/audio/he/games/letter-storybook/letters/tet/hint2.mp3","yes"
"letter-tet","common.games.letterStorybook.letters.tet.hint3","רמז שלישי: דובי מצביע על ט, ועכשיו אתם נוגעים.","/audio/he/games/letter-storybook/letters/tet/hint3.mp3","yes"
"letter-tet","common.games.letterStorybook.letters.tet.imageAlt","טווס פותח זנב צבעוני באחו","/audio/he/games/letter-storybook/letters/tet/image-alt.mp3","yes"
"letter-tet","common.games.letterStorybook.letters.tet.intro","זאת האות ט.","/audio/he/games/letter-storybook/letters/tet/intro.mp3","yes"
"letter-tet","common.games.letterStorybook.letters.tet.name","טית","/audio/he/games/letter-storybook/letters/tet/name.mp3","yes"
"letter-tet","common.games.letterStorybook.letters.tet.prompt","איפה האות ט? נוגעים בה יחד.","/audio/he/games/letter-storybook/letters/tet/prompt.mp3","yes"
"letter-tet","common.games.letterStorybook.letters.tet.retry","ננסה שוב יחד. מחפשים את האות ט.","/audio/he/games/letter-storybook/letters/tet/retry.mp3","yes"
"letter-tet","common.games.letterStorybook.letters.tet.sound","טית. האות ט.","/audio/he/games/letter-storybook/letters/tet/sound.mp3","yes"
"letter-tet","common.games.letterStorybook.letters.tet.story","דובי פוגש את טווס בשביל האותיות.","/audio/he/games/letter-storybook/letters/tet/story.mp3","yes"
"letter-tet","common.games.letterStorybook.letters.tet.success","יופי! מצאנו את האות ט.","/audio/he/games/letter-storybook/letters/tet/success.mp3","yes"
"letter-tet","common.games.letterStorybook.letters.tet.symbol","ט","/audio/he/games/letter-storybook/letters/tet/symbol.mp3","yes"
"letter-tet","common.games.letterStorybook.letters.tet.word","טווס","/audio/he/games/letter-storybook/letters/tet/word.mp3","yes"
"letter-tsadi","common.games.letterStorybook.letters.tsadi.hint1","רמז ראשון: שומעים צדי.","/audio/he/games/letter-storybook/letters/tsadi/hint1.mp3","yes"
"letter-tsadi","common.games.letterStorybook.letters.tsadi.hint2","רמז שני: מחפשים את צ בתחילת צב.","/audio/he/games/letter-storybook/letters/tsadi/hint2.mp3","yes"
"letter-tsadi","common.games.letterStorybook.letters.tsadi.hint3","רמז שלישי: דובי מצביע על צ, ועכשיו אתם נוגעים.","/audio/he/games/letter-storybook/letters/tsadi/hint3.mp3","yes"
"letter-tsadi","common.games.letterStorybook.letters.tsadi.imageAlt","צב קטן הולך לאט על הדשא","/audio/he/games/letter-storybook/letters/tsadi/image-alt.mp3","yes"
"letter-tsadi","common.games.letterStorybook.letters.tsadi.intro","זאת האות צ.","/audio/he/games/letter-storybook/letters/tsadi/intro.mp3","yes"
"letter-tsadi","common.games.letterStorybook.letters.tsadi.name","צדי","/audio/he/games/letter-storybook/letters/tsadi/name.mp3","yes"
"letter-tsadi","common.games.letterStorybook.letters.tsadi.prompt","איפה האות צ? נוגעים בה יחד.","/audio/he/games/letter-storybook/letters/tsadi/prompt.mp3","yes"
"letter-tsadi","common.games.letterStorybook.letters.tsadi.retry","ננסה שוב יחד. מחפשים את האות צ.","/audio/he/games/letter-storybook/letters/tsadi/retry.mp3","yes"
"letter-tsadi","common.games.letterStorybook.letters.tsadi.sound","צדי. האות צ.","/audio/he/games/letter-storybook/letters/tsadi/sound.mp3","yes"
"letter-tsadi","common.games.letterStorybook.letters.tsadi.story","דובי פוגש את צב בשביל האותיות.","/audio/he/games/letter-storybook/letters/tsadi/story.mp3","yes"
"letter-tsadi","common.games.letterStorybook.letters.tsadi.success","יופי! מצאנו את האות צ.","/audio/he/games/letter-storybook/letters/tsadi/success.mp3","yes"
"letter-tsadi","common.games.letterStorybook.letters.tsadi.symbol","צ","/audio/he/games/letter-storybook/letters/tsadi/symbol.mp3","yes"
"letter-tsadi","common.games.letterStorybook.letters.tsadi.word","צב","/audio/he/games/letter-storybook/letters/tsadi/word.mp3","yes"
"letter-vav","common.games.letterStorybook.letters.vav.hint1","רמז ראשון: שומעים וו.","/audio/he/games/letter-storybook/letters/vav/hint1.mp3","yes"
"letter-vav","common.games.letterStorybook.letters.vav.hint2","רמז שני: מחפשים את ו בתחילת ורד.","/audio/he/games/letter-storybook/letters/vav/hint2.mp3","yes"
"letter-vav","common.games.letterStorybook.letters.vav.hint3","רמז שלישי: דובי מצביע על ו, ועכשיו אתם נוגעים.","/audio/he/games/letter-storybook/letters/vav/hint3.mp3","yes"
"letter-vav","common.games.letterStorybook.letters.vav.imageAlt","ורד אדום ליד אבני השביל","/audio/he/games/letter-storybook/letters/vav/image-alt.mp3","yes"
"letter-vav","common.games.letterStorybook.letters.vav.intro","זאת האות ו.","/audio/he/games/letter-storybook/letters/vav/intro.mp3","yes"
"letter-vav","common.games.letterStorybook.letters.vav.name","וו","/audio/he/games/letter-storybook/letters/vav/name.mp3","yes"
"letter-vav","common.games.letterStorybook.letters.vav.prompt","איפה האות ו? נוגעים בה יחד.","/audio/he/games/letter-storybook/letters/vav/prompt.mp3","yes"
"letter-vav","common.games.letterStorybook.letters.vav.retry","ננסה שוב יחד. מחפשים את האות ו.","/audio/he/games/letter-storybook/letters/vav/retry.mp3","yes"
"letter-vav","common.games.letterStorybook.letters.vav.sound","וו. האות ו.","/audio/he/games/letter-storybook/letters/vav/sound.mp3","yes"
"letter-vav","common.games.letterStorybook.letters.vav.story","דובי פוגש את ורד בשביל האותיות.","/audio/he/games/letter-storybook/letters/vav/story.mp3","yes"
"letter-vav","common.games.letterStorybook.letters.vav.success","יופי! מצאנו את האות ו.","/audio/he/games/letter-storybook/letters/vav/success.mp3","yes"
"letter-vav","common.games.letterStorybook.letters.vav.symbol","ו","/audio/he/games/letter-storybook/letters/vav/symbol.mp3","yes"
"letter-vav","common.games.letterStorybook.letters.vav.word","ורד","/audio/he/games/letter-storybook/letters/vav/word.mp3","yes"
"letter-yod","common.games.letterStorybook.letters.yod.hint1","רמז ראשון: שומעים יוד.","/audio/he/games/letter-storybook/letters/yod/hint1.mp3","yes"
"letter-yod","common.games.letterStorybook.letters.yod.hint2","רמז שני: מחפשים את י בתחילת ילד.","/audio/he/games/letter-storybook/letters/yod/hint2.mp3","yes"
"letter-yod","common.games.letterStorybook.letters.yod.hint3","רמז שלישי: דובי מצביע על י, ועכשיו אתם נוגעים.","/audio/he/games/letter-storybook/letters/yod/hint3.mp3","yes"
"letter-yod","common.games.letterStorybook.letters.yod.imageAlt","ילד מחייך ומנופף לדובי","/audio/he/games/letter-storybook/letters/yod/image-alt.mp3","yes"
"letter-yod","common.games.letterStorybook.letters.yod.intro","זאת האות י.","/audio/he/games/letter-storybook/letters/yod/intro.mp3","yes"
"letter-yod","common.games.letterStorybook.letters.yod.name","יוד","/audio/he/games/letter-storybook/letters/yod/name.mp3","yes"
"letter-yod","common.games.letterStorybook.letters.yod.prompt","איפה האות י? נוגעים בה יחד.","/audio/he/games/letter-storybook/letters/yod/prompt.mp3","yes"
"letter-yod","common.games.letterStorybook.letters.yod.retry","ננסה שוב יחד. מחפשים את האות י.","/audio/he/games/letter-storybook/letters/yod/retry.mp3","yes"
"letter-yod","common.games.letterStorybook.letters.yod.sound","יוד. האות י.","/audio/he/games/letter-storybook/letters/yod/sound.mp3","yes"
"letter-yod","common.games.letterStorybook.letters.yod.story","דובי פוגש את ילד בשביל האותיות.","/audio/he/games/letter-storybook/letters/yod/story.mp3","yes"
"letter-yod","common.games.letterStorybook.letters.yod.success","יופי! מצאנו את האות י.","/audio/he/games/letter-storybook/letters/yod/success.mp3","yes"
"letter-yod","common.games.letterStorybook.letters.yod.symbol","י","/audio/he/games/letter-storybook/letters/yod/symbol.mp3","yes"
"letter-yod","common.games.letterStorybook.letters.yod.word","ילד","/audio/he/games/letter-storybook/letters/yod/word.mp3","yes"
"letter-zayin","common.games.letterStorybook.letters.zayin.hint1","רמז ראשון: שומעים זין.","/audio/he/games/letter-storybook/letters/zayin/hint1.mp3","yes"
"letter-zayin","common.games.letterStorybook.letters.zayin.hint2","רמז שני: מחפשים את ז בתחילת זברה.","/audio/he/games/letter-storybook/letters/zayin/hint2.mp3","yes"
"letter-zayin","common.games.letterStorybook.letters.zayin.hint3","רמז שלישי: דובי מצביע על ז, ועכשיו אתם נוגעים.","/audio/he/games/letter-storybook/letters/zayin/hint3.mp3","yes"
"letter-zayin","common.games.letterStorybook.letters.zayin.imageAlt","זברה עם פסים ברורים ליד תחנת המים","/audio/he/games/letter-storybook/letters/zayin/image-alt.mp3","yes"
"letter-zayin","common.games.letterStorybook.letters.zayin.intro","זאת האות ז.","/audio/he/games/letter-storybook/letters/zayin/intro.mp3","yes"
"letter-zayin","common.games.letterStorybook.letters.zayin.name","זין","/audio/he/games/letter-storybook/letters/zayin/name.mp3","yes"
"letter-zayin","common.games.letterStorybook.letters.zayin.prompt","איפה האות ז? נוגעים בה יחד.","/audio/he/games/letter-storybook/letters/zayin/prompt.mp3","yes"
"letter-zayin","common.games.letterStorybook.letters.zayin.retry","ננסה שוב יחד. מחפשים את האות ז.","/audio/he/games/letter-storybook/letters/zayin/retry.mp3","yes"
"letter-zayin","common.games.letterStorybook.letters.zayin.sound","זין. האות ז.","/audio/he/games/letter-storybook/letters/zayin/sound.mp3","yes"
"letter-zayin","common.games.letterStorybook.letters.zayin.story","דובי פוגש את זברה בשביל האותיות.","/audio/he/games/letter-storybook/letters/zayin/story.mp3","yes"
"letter-zayin","common.games.letterStorybook.letters.zayin.success","יופי! מצאנו את האות ז.","/audio/he/games/letter-storybook/letters/zayin/success.mp3","yes"
"letter-zayin","common.games.letterStorybook.letters.zayin.symbol","ז","/audio/he/games/letter-storybook/letters/zayin/symbol.mp3","yes"
"letter-zayin","common.games.letterStorybook.letters.zayin.word","זברה","/audio/he/games/letter-storybook/letters/zayin/word.mp3","yes"
"global","common.games.letterStorybook.modes.core","מצב למידה מלא","/audio/he/games/letter-storybook/modes/core.mp3","yes"
"global","common.games.letterStorybook.modes.stretch","מצב אתגר מתקדם","/audio/he/games/letter-storybook/modes/stretch.mp3","yes"
"global","common.games.letterStorybook.modes.support","מצב האזנה ועזרה","/audio/he/games/letter-storybook/modes/support.mp3","yes"
"global","common.games.letterStorybook.subtitle","מקשיבים, מזהים אותיות ואוספים תגי אותיות","/audio/he/games/letter-storybook/subtitle.mp3","yes"
"global","common.games.letterStorybook.title","הסיפור של האותיות עם דובי","/audio/he/games/letter-storybook/title.mp3","yes"
"between-scenes","common.games.letterStorybook.transitions.celebration","יש! אספתם את כל האותיות.","/audio/he/games/letter-storybook/transitions/celebration.mp3","yes"
"between-scenes","common.games.letterStorybook.transitions.checkpoint","עכשיו עוצרים לעמוד בדיקה קצר.","/audio/he/games/letter-storybook/transitions/checkpoint.mp3","yes"
"between-scenes","common.games.letterStorybook.transitions.finalBridge","נהדר, עוברים לגשר האותיות הסופיות.","/audio/he/games/letter-storybook/transitions/final-bridge.mp3","yes"
"between-scenes","common.games.letterStorybook.transitions.nextLetter","מצוין, ממשיכים לאות הבאה.","/audio/he/games/letter-storybook/transitions/next-letter.mp3","yes"
"parent-dashboard","common.parentDashboard.games.letterStorybook.confusions","זוג האותיות שמתבלבלים בו הכי הרבה כרגע הוא {{confusedPair}}.","/audio/he/parent-dashboard/games/letter-storybook/confusions.mp3","yes"
"parent-dashboard","common.parentDashboard.games.letterStorybook.nextStep","הצעד הבא: תרגלו בבית שתי אותיות מבלבלות, הדגישו את הצליל הראשון, והמשיכו לקריאה קצרה עם ניקוד.","/audio/he/parent-dashboard/games/letter-storybook/next-step.mp3","yes"
"parent-dashboard","common.parentDashboard.games.letterStorybook.progressSummary","הילד השלים {{pagesCompleted}} עמודים, זיהה נכון {{lettersMastered}} אותיות, ומגמת ההסתמכות על רמזים היא {{hintTrend}}.","/audio/he/parent-dashboard/games/letter-storybook/progress-summary.mp3","yes"
